{"20": {"100": {"loss_func_basic": {"initial_num_effective": 0, "best_cost": 12, "best_cost_iterations": [18, 13, 13, 13, 12, 18, 13, 12, 12, 12], "best_num_eff": 7, "best_positions": [-1608.0, 1438.0, -474.1256457636057, 492.28961487002505, 8.887778395074548, 296.6217536715303, -738.0, -1713.0, -2328.0, -14.0, -475.1360988318305, 46.30723048401731, 1463.8401264808986, 712.5243353703929, 8.795639003265165, 94.58466452305004, 621.0, 822.0, -499.472750901321, -272.08882839221053, -2091.0, -1890.0, 1279.0, -177.0, 296.21980214555913, -1274.5187480378995, 1793.0, 1355.0, 66.73920983929963, -1524.6482567042626, -1144.5358127744976, -868.3084309377302, -1231.3291342941052, 21.350782387998265, 1038.805410565993, -11.719147751987084, 788.6293390923338, 302.5478011783731, -1208.7364168239885, -579.7328575669252]}, "loss_func_too_close": {"initial_num_effective": 0, "best_cost": 11, "best_cost_iterations": [18, 15, 12, 12, 11], "best_num_eff": 7, "best_positions": [703.0630299041059, 1490.3545020710171, -1631.0, 652.0, 1178.8600240385003, -1142.6894883157784, 1053.893240414072, -50.98265408514318, -1287.9158262602023, -931.5166592533024, 329.3921908661696, 427.3010543028704, 1275.308312454366, 1018.3146343246763, -1485.8795519422224, 1035.271311504188, 90.81826539947929, 1378.7439522926434, -291.8992590349153, 121.28101866268685, 291.5282637990391, 953.9877586278571, -858.0, 233.0, -2400.918919135842, 1772.1897493298293, -457.8624446218105, 1419.726313540269, 1166.011778684744, 418.97362139578155, -1556.474899639651, -1844.7001178381151, 567.3800390124402, 523.4200116524371, -290.0, -793.0, 1049.6937320547559, 1864.6903775205578, -1688.0, -604.0]}, "loss_func_too_far": {"initial_num_effective": 0, "best_cost": 11, "best_cost_iterations": [18, 13, 11, 11, 11], "best_num_eff": 4, "best_positions": [-71.61163773981022, -742.5595907498014, 2.0597720265698225, 511.61208981346, 232.57925869098085, 238.3394402630525, -2403.0, -74.0, -1710.7331416863037, -290.99198829231716, -594.0, 1691.0, 1143.0, 1282.0, -1562.0, 1871.0, -425.0, -349.0, -456.86271564466415, -143.4578762806193, -1099.0, 103.0, -2007.0, 1736.0, 1796.82644195164, -1141.5977153662511, 879.7113292966023, -829.6940125519614, 1077.2490418449142, -122.49721716190083, 900.582645708374, 1034.840147669972, 1175.922456970829, -1585.818764674632, -65.7757980687602, -351.03784361104323, -337.1686466060876, -531.0251220201853, 158.82251201047833, 1005.6425069949584]}, "loss_func_dist_fovea": {"initial_num_effective": 0, "best_cost": 0, "best_cost_iterations": [], "best_num_eff": 0, "best_positions": []}, "loss_func_convex_hull": {"initial_num_effective": 0, "best_cost": 0, "best_cost_iterations": [], "best_num_eff": 0, "best_positions": []}}, "150": {"loss_func_basic": {"initial_num_effective": 0, "best_cost": 0, "best_cost_iterations": [], "best_num_eff": 0, "best_positions": []}, "loss_func_too_close": {"initial_num_effective": 0, "best_cost": 0, "best_cost_iterations": [], "best_num_eff": 0, "best_positions": []}, "loss_func_too_far": {"initial_num_effective": 0, "best_cost": 0, "best_cost_iterations": [], "best_num_eff": 0, "best_positions": []}, "loss_func_dist_fovea": {"initial_num_effective": 0, "best_cost": 0, "best_cost_iterations": [], "best_num_eff": 0, "best_positions": []}, "loss_func_convex_hull": {"initial_num_effective": 0, "best_cost": 0, "best_cost_iterations": [], "best_num_eff": 0, "best_positions": []}}, "200": {"loss_func_basic": {"initial_num_effective": 0, "best_cost": 0, "best_cost_iterations": [], "best_num_eff": 0, "best_positions": []}, "loss_func_too_close": {"initial_num_effective": 0, "best_cost": 0, "best_cost_iterations": [], "best_num_eff": 0, "best_positions": []}, "loss_func_too_far": {"initial_num_effective": 0, "best_cost": 0, "best_cost_iterations": [], "best_num_eff": 0, "best_positions": []}, "loss_func_dist_fovea": {"initial_num_effective": 0, "best_cost": 0, "best_cost_iterations": [], "best_num_eff": 0, "best_positions": []}, "loss_func_convex_hull": {"initial_num_effective": 0, "best_cost": 0, "best_cost_iterations": [], "best_num_eff": 0, "best_positions": []}}}, "60": {"50": {"loss_func_basic": {"initial_num_effective": 0, "best_cost": 0, "best_cost_iterations": [], "best_num_eff": 0, "best_positions": []}, "loss_func_too_close": {"initial_num_effective": 0, "best_cost": 0, "best_cost_iterations": [], "best_num_eff": 0, "best_positions": []}, "loss_func_too_far": {"initial_num_effective": 0, "best_cost": 0, "best_cost_iterations": [], "best_num_eff": 0, "best_positions": []}, "loss_func_dist_fovea": {"initial_num_effective": 0, "best_cost": 0, "best_cost_iterations": [], "best_num_eff": 0, "best_positions": []}, "loss_func_convex_hull": {"initial_num_effective": 0, "best_cost": 0, "best_cost_iterations": [], "best_num_eff": 0, "best_positions": []}}, "100": {"loss_func_basic": {"initial_num_effective": 0, "best_cost": 0, "best_cost_iterations": [], "best_num_eff": 0, "best_positions": []}, "loss_func_too_close": {"initial_num_effective": 0, "best_cost": 0, "best_cost_iterations": [], "best_num_eff": 0, "best_positions": []}, "loss_func_too_far": {"initial_num_effective": 0, "best_cost": 0, "best_cost_iterations": [], "best_num_eff": 0, "best_positions": []}, "loss_func_dist_fovea": {"initial_num_effective": 0, "best_cost": 0, "best_cost_iterations": [], "best_num_eff": 0, "best_positions": []}, "loss_func_convex_hull": {"initial_num_effective": 0, "best_cost": 0, "best_cost_iterations": [], "best_num_eff": 0, "best_positions": []}}, "150": {"loss_func_basic": {"initial_num_effective": 0, "best_cost": 0, "best_cost_iterations": [], "best_num_eff": 0, "best_positions": []}, "loss_func_too_close": {"initial_num_effective": 0, "best_cost": 0, "best_cost_iterations": [], "best_num_eff": 0, "best_positions": []}, "loss_func_too_far": {"initial_num_effective": 0, "best_cost": 0, "best_cost_iterations": [], "best_num_eff": 0, "best_positions": []}, "loss_func_dist_fovea": {"initial_num_effective": 0, "best_cost": 0, "best_cost_iterations": [], "best_num_eff": 0, "best_positions": []}, "loss_func_convex_hull": {"initial_num_effective": 0, "best_cost": 0, "best_cost_iterations": [], "best_num_eff": 0, "best_positions": []}}}}